;2.00_1.00_1.00_NH3+_C:;3.00_-4.00_-1.00_NH3+_C:;4.00_-1.00_1.00_NH3+_C:;5.00_-5.00_-2.00_NH3+_C:;5.00_0.00_1.00_NH3+_C:;-3.00_-3.00_0.00_NH3+_LJ:;-1.00_-3.00_1.00_NH3+_LJ:;2.00_-5.00_-1.00_NH3+_LJ:;4.00_0.00_-4.00_NH3+_LJ:;5.00_1.00_-4.00_NH3+_LJ:;8.00_-5.00_2.00_NH3+_LJ:;8.00_-4.00_-2.00_NH3+_LJ:
DFT_K111_;126.79023348742585;104.01820971830271;-541.225481799391;34.40197923077513;-140.44653682259985;126.54498817582375;-0.9725171630817664;36.23846024631073;-1.810116836454772;-0.8054822260420518;-0.1972846598325202;-0.3349524553514451
DFT_K010_;126.63541243797617;113.84964735462007;23.72157130886197;22.706012462182823;-644.8417920421116;126.56885380349088;-0.0087417154491522;126.85630295364766;-2.092451973820651;-1.0516030978163595;-0.7622980916474135;-1.4021494459869237
DFT_K003_;127.17177878294262;-95.13885654978723;111.7046391468346;34.442182339145305;127.22478824310167;126.59244078280655;-0.2426762687674752;127.94343470869427;-2.085279866267181;-0.9952216419140408;-0.7814233849564098;-1.3078306744513852
DFT_K105_;33.1687550764681;126.68388044372553;-2.748128357247748;92.93242035002253;-217.146730988733;126.42287106650231;9.670809850033908;127.39360038147291;-2.562510171917454;-1.5068061297905613;108.14942053546363;127.98324937788078
DFT_K124_;127.12647661433661;127.03466137550231;126.240936129022;95.58026825921569;-89.61485962213956;-1.23776940179741;0.034919845952518;121.21740518712365;-2.1640987605966773;-1.1183749105446985;-0.8415423232033067;-1.3447397564144554
DFT_K080_;126.77574860774685;108.8076249366216;-68.23831694556138;37.748513929138745;126.85886483099665;126.54499351320041;-0.7621479916849542;95.58733284696584;-1.774021493688529;-0.8031739305051034;-0.2062744148673279;-0.3594941339180553
DFT_K014_;127.18804285975231;126.74359318659349;90.80544631729067;66.04455713328005;-382.8037625048466;126.60394262348568;-0.6294173251162692;126.69335339617938;-2.153102245444729;-1.1007207748620105;-0.8445577170321984;-1.1915924662622632
DFT_K102_;84.94286928409963;71.59975301494822;89.11957434652956;34.040513158080884;-0.6842351759210744;126.38086211547123;126.06979518959784;-3.1641244348458404;-2.803559388977782;-1.2910218737786168;-0.8140800282215923;-1.3415424157780684
DFT_K009_;29.218224976823464;60.57749847202918;-147.69106437808722;-7.57093739183825;-502.0663126410966;126.74921221380811;-0.0669713790469279;126.76093992368493;-2.2270915458088836;-1.1839471005950182;-0.8102325644303883;-1.4750103240572514
DFT_K063_;126.52093183008456;97.45015283483473;-76.4078295608261;28.77598587664899;-216.6863776196182;126.73548969720048;-0.6899477744367188;97.33117796070206;-1.9284058286482544;-0.9587573575963475;-0.293051074626399;-0.4413444116048272
DFT_K104_;126.48836919038368;-65.92555265019382;30.49390531750589;92.57931023134718;127.09269441926251;126.65674380912196;-0.3557993444855543;128.53924945555804;-2.531643034361467;-1.292188257572726;127.28763912517415;127.45227688461114
DFT_K065_;127.10433879506023;-5.831147997845789;102.66278669140412;44.22496053978461;-123.67792349228762;126.58560850709573;-1.2087516179552749;128.2828668785268;-2.2085489604672146;-1.0174143247662908;-0.3471847451709214;-0.5867320770118118
DFT_K083_;126.55994027156615;-4.503979783131417;35.05936460198339;-6.9628168501654955;126.62832195943702;128.03074018904695;129.04300739303238;88.91983290539704;-3.586868932604181;-1.5272633573026009;-0.6696446950908445;-1.480737066635092
DFT_K020_;49.25244759399335;126.79005888548666;-4.808263050730925;36.26025327312362;-363.12830739049485;126.50801392297534;1.6710711279670871;127.19654767570287;-2.6612113566419353;-1.4105099415315356;7.330271923145712;127.63100502862565
DFT_K007_;127.06418383217874;-228.96562756730776;15.442184516769116;10.152846906521532;127.08617312893608;126.60366794851407;-1.7617605267845229;128.43431586529616;-2.697213186666005;-1.1373301407645555;-0.8168907092618494;-1.4547020590533992
DFT_K052_;126.97577238890285;126.64983848900421;87.71340995240763;36.68496633060181;127.1058797141584;126.51047315812065;-0.4019883938872872;126.61147461504268;-2.014056350662873;-0.9689508094532052;-0.7654835621294263;-1.2700266247455312
DFT_K041_;126.66192255653203;122.80581184318476;72.13295598455151;-13.604379738871089;-82.27899621583586;126.57392181824764;-0.8972233544264697;88.41775804208696;-2.3984206365351315;-1.2603678284991295;-1.3392593484686657;-1.9918101047753352
DFT_K001_;126.83489439688492;-28.26908370449705;-85.19505834243282;16.57304122727136;126.50716679708728;126.74849234504684;-1.7460360677334446;127.8008201330196;-2.322331323658237;-0.9293393391612864;-0.2696890195937772;-0.5618149642681938
DFT_K005_;82.30404647198921;122.1150670673496;-49.67030384362615;27.41180259068851;-367.9184552268538;126.66273176649828;-0.5226912653884807;125.41233152880767;-1.9046690976316227;-0.9629517588821328;-0.2925341191237647;-0.4371358718361408
DFT_K004_;127.04319356507989;126.67274551491774;92.28438824038194;54.13139759550587;-527.7423541384301;126.74605754183592;-0.3405692525984856;126.39896061612257;-1.825374122221864;-0.8731401165987978;-0.2272246940320728;-0.3834541701545269
DFT_K053_;126.81838921102424;-92.03051303354825;5.715787152306604;-18.0750729622128;127.04271816635527;65.89479993149085;-0.7355693504534083;128.5052916120121;-2.295661283461875;-1.0628383724066612;-0.8148672211650086;-1.4100344750204534
DFT_K092_;46.10691403414721;126.9204125227466;42.74105189391816;126.2985595843615;-150.98581898666873;126.49262129737546;9.520296431142546;127.37622384000119;-2.7958598209218724;-1.8112331015812075;10.986891156229138;129.31142961818125
DFT_K099_;126.81344207555199;90.30819766966502;29.08496922035156;16.454979383745645;-84.62236245531304;115.7439495657744;85.05194152595863;9.023645803212744;-2.266555611173896;-1.1342510996838953;-0.8475749697032626;-1.3315039916947422
DFT_K011_;126.67050845439793;126.70171899846291;70.24822968714773;20.746244515309883;-274.12293861653893;126.76015009599541;0.0284491389769777;126.75554046746744;-2.0289279720247992;-1.0641053861388616;-0.3924982311232824;-0.6686699765887191
DFT_K051_;55.37763358760654;20.145817032348596;86.5670845085308;5.091978910583711;93.1176268107233;128.30688974651983;127.73847967887619;-2.515909292711538;-0.4378140123638983;-1.9578890739107804;-0.6534147030250114;-1.5166324947837555
DFT_K022_;126.00847417876768;123.530275426111;9.999347356352713;2.456074376176886;-173.9232021658687;126.6098185635604;-0.7988653442077578;102.03032646049256;-2.220692275693996;-1.1365234515305656;8.144030903004055;-0.5304856777992301
DFT_K089_;127.07027650264848;126.93254716833265;64.14439163678969;57.77653311333069;126.95405294001317;126.65574041026909;-0.9964811602674128;27.947315360041447;-1.8925063282235528;-0.8493682934749919;-0.338600406648418;-0.5653209514286339
DFT_K044_;21.910645015735938;126.68122228316527;-1.2506986616636446;93.646143307529;-287.8655033046216;126.50766922113411;3.8175252791670222;127.31581688584711;-2.5014324996042863;-1.4198235499845495;-2.013550669809293;127.93815481011856
DFT_K086_;-34.18429948073581;125.7661612217915;-41.56877075490208;76.19048390060937;-266.53149124762484;126.50266601021275;6.056781930179338;127.35947797708852;-2.543133651951281;-1.4687289291230792;127.88703817895968;127.880999421447
DFT_K045_;127.02988262422156;-39.79048182018491;36.99305394478797;-9.979587436321856;126.82207296689391;122.5770067049339;39.08161957922712;127.79001409891995;-2.7119689604158923;-1.1766351371775137;-0.8001582849798041;-1.475287130865361
