,8.00_19.00_5.00_NH3+_C:,12.00_19.00_3.00_NH3+_C:,12.00_26.00_2.00_NH3+_C:,12.00_26.00_3.00_NH3+_C:,13.00_19.00_3.00_NH3+_C:,13.00_20.00_3.00_NH3+_C:,13.00_20.00_4.00_NH3+_C:,13.00_21.00_4.00_NH3+_C:,14.00_19.00_0.00_NH3+_C:,14.00_19.00_1.00_NH3+_C:,14.00_20.00_1.00_NH3+_C:,14.00_20.00_2.00_NH3+_C:,14.00_21.00_2.00_NH3+_C:,14.00_21.00_4.00_NH3+_C:,15.00_19.00_0.00_NH3+_C:,15.00_20.00_1.00_NH3+_C:,15.00_20.00_2.00_NH3+_C:,15.00_25.00_1.00_NH3+_C:,15.00_25.00_2.00_NH3+_C:,16.00_18.00_0.00_NH3+_C:,16.00_20.00_2.00_NH3+_C:,17.00_19.00_0.00_NH3+_C:,17.00_21.00_0.00_NH3+_C:,17.00_22.00_0.00_NH3+_C:,18.00_22.00_0.00_NH3+_C:,19.00_15.00_-3.00_NH3+_C:,20.00_19.00_-1.00_NH3+_C:,20.00_19.00_1.00_NH3+_C:,20.00_20.00_-1.00_NH3+_C:,20.00_20.00_1.00_NH3+_C:,20.00_21.00_-3.00_NH3+_C:,21.00_18.00_-2.00_NH3+_C:,21.00_19.00_-1.00_NH3+_C:,21.00_21.00_-1.00_NH3+_C:,21.00_22.00_-2.00_NH3+_C:,21.00_22.00_-1.00_NH3+_C:,21.00_23.00_-1.00_NH3+_C:,22.00_20.00_-1.00_NH3+_C:,22.00_21.00_-3.00_NH3+_C:,22.00_21.00_-1.00_NH3+_C:,22.00_22.00_-1.00_NH3+_C:,22.00_22.00_0.00_NH3+_C:,23.00_20.00_-1.00_NH3+_C:,23.00_21.00_-1.00_NH3+_C:,6.00_25.00_2.00_NH3+_LJ:,8.00_23.00_3.00_NH3+_LJ:,8.00_23.00_6.00_NH3+_LJ:,9.00_24.00_6.00_NH3+_LJ:,10.00_22.00_1.00_NH3+_LJ:,10.00_23.00_2.00_NH3+_LJ:,11.00_21.00_2.00_NH3+_LJ:,11.00_22.00_0.00_NH3+_LJ:,11.00_22.00_1.00_NH3+_LJ:,12.00_20.00_5.00_NH3+_LJ:,12.00_21.00_5.00_NH3+_LJ:,12.00_22.00_2.00_NH3+_LJ:,14.00_25.00_4.00_NH3+_LJ:,14.00_26.00_1.00_NH3+_LJ:,17.00_20.00_1.00_NH3+_LJ:,18.00_18.00_0.00_NH3+_LJ:,18.00_18.00_3.00_NH3+_LJ:,18.00_20.00_0.00_NH3+_LJ:,18.00_21.00_1.00_NH3+_LJ:,18.00_22.00_2.00_NH3+_LJ:,18.00_24.00_4.00_NH3+_LJ:,19.00_20.00_-4.00_NH3+_LJ:,20.00_18.00_1.00_NH3+_LJ:,20.00_20.00_1.00_NH3+_LJ:,20.00_21.00_1.00_NH3+_LJ:,20.00_22.00_3.00_NH3+_LJ:,21.00_17.00_-1.00_NH3+_LJ:,21.00_17.00_1.00_NH3+_LJ:,21.00_18.00_-3.00_NH3+_LJ:,21.00_19.00_-3.00_NH3+_LJ:,21.00_19.00_-1.00_NH3+_LJ:,21.00_21.00_0.00_NH3+_LJ:,21.00_22.00_1.00_NH3+_LJ:,22.00_18.00_-4.00_NH3+_LJ:,22.00_19.00_-4.00_NH3+_LJ:,22.00_19.00_-3.00_NH3+_LJ:,22.00_20.00_0.00_NH3+_LJ:,22.00_21.00_-5.00_NH3+_LJ:,22.00_21.00_-3.00_NH3+_LJ:,22.00_21.00_-1.00_NH3+_LJ:,22.00_21.00_0.00_NH3+_LJ:,22.00_21.00_1.00_NH3+_LJ:,22.00_22.00_0.00_NH3+_LJ:,22.00_23.00_-3.00_NH3+_LJ:,23.00_17.00_-3.00_NH3+_LJ:,23.00_19.00_-4.00_NH3+_LJ:,23.00_19.00_-1.00_NH3+_LJ:,23.00_20.00_0.00_NH3+_LJ:,23.00_20.00_1.00_NH3+_LJ:,23.00_21.00_-1.00_NH3+_LJ:,23.00_21.00_0.00_NH3+_LJ:,23.00_21.00_1.00_NH3+_LJ:,24.00_20.00_0.00_NH3+_LJ:
DFT_K001__PAC_aligned,3.4242324775872923,13.908754279078313,-1.2860756354494995,-7.383184162484113,14.451769867024504,19.455701320996493,5.216552098114072,0.2925476784565255,43.77714117215206,32.187930966487905,26.45550972157234,35.68556566911521,68.02819644151178,-3.3167247525532204,59.13161242337571,42.5372363743144,47.79344032438912,2.433880621768268,-11.433509382118393,47.021855683302526,37.44048603451285,92.00301495710337,129.38044512756568,82.66548087871742,77.77501162743025,9.550375009254255,126.62085388654874,-170.58017066925285,133.51296133339062,-829.4412864352638,-320.6232498511112,-8.888876408219087,-98.42712938684936,24.92376325621954,-31.002419952662763,-10.49847494263825,-10.644600401880638,-1024.0107719454645,61.36388665284552,-113.5824071986154,-26.624482099740867,-37.18465500286655,-112.133297109162,-45.46976068014834,-0.0482211831640809,-0.321699549383278,-0.1421838658395429,-0.2811075470841996,1.5284621181973033,-1.469000660187703,99.39293449455532,89.3818625399326,137.4466298494349,-2.125562127515772,-0.7858865819738554,150.32156430388295,136.93044470016176,-2.3822553626653047,153.11731727344724,126.52873111125906,89.93232479668679,168.99659326346443,161.79927706888628,138.0118226220728,8.374294241682776,132.2053704593341,136.7142805668467,176.24965390076446,145.34078676668398,64.30851263232664,-1.8031021393716296,-1.012516554702842,22.89212794459929,135.49058672013248,146.41714543553235,139.33151329398942,85.14474276901555,-2.440334552670829,1.3747716635501823,134.85830406191914,142.94036349266037,-2.1257536719800814,133.980917203264,144.42980500257121,136.67611180440986,131.42339377007343,19.88122678003687,-2.200427833177704,-1.6270087009719998,-1.802483371769576,140.12737792503808,136.12380741417672,14.021714428755336,136.97863407979824,130.24348036037165,-0.0851981054878732,11.337055289546733
DFT_K002__PAC_aligned,-16.550748626295857,-50.60971259615984,-6.483272974635913,-9.97461780841318,-6.290803832805235,-7.811728115643653,-63.17810161618465,-211.3542799411148,79.65508468351588,71.95637450152972,128.29186440293643,130.75890408401764,132.60638927266766,-256.0113438205961,75.1442233414395,58.94468181429919,99.63579763251404,12.312793461579334,6.740965067819978,69.8558338005265,47.09483389698396,111.71660045863509,129.24872706755957,88.66569534096,92.68943563401048,13.026336108638166,129.25744420380747,-205.1643760890504,133.70744499760033,-537.7522042557035,-250.73324292651688,4.292635245433921,-66.40250397291723,-50.18987716859149,0.5590339850581945,-4.912575233726832,3.419511880247049,-729.0058234834779,126.1005646084482,-166.9755567455876,-28.815194590248048,-32.83425236769345,-113.53310486322164,-60.035076631114656,-0.033938735619731895,-0.2699099547478928,-0.1001894581238007,-0.1342991468247015,3.8646652800892025,-1.5308641848664175,144.39535622484064,7.1749328953911125,130.47849853945402,9.368341461253156,125.89302861427822,136.44130829983928,-1.4280278001548905,-0.6152390396234527,155.9788874602167,106.13396176134452,60.69117332829946,168.0267097700687,157.93258574967078,137.85031461958812,-2.077181610892524,137.0770922068913,137.97219909653836,170.18589368849968,143.69322218571904,76.27922812765907,-2.991744128243963,1.947900023098599,29.69171129116827,136.50667762179773,144.90626161596083,138.9819262806616,55.77854352629636,-2.5982868937954247,2.3114818223292475,134.4683544007633,141.1683734334267,-2.2325921993101816,134.81761063117483,146.5499689342583,136.8880739094114,130.2203933541599,29.028376842310863,-2.81204090403669,-1.556754660359796,-1.9376158922625952,136.8089571946954,133.9849716011656,7.211189572960216,136.99333246875534,127.90711965084463,-1.182572971809044,2.813332642325199
DFT_K003__PAC_aligned,-4.42055817908944,-9.138961840755726,-4.347621640817419,0.5434993287572123,-2.8731209474138453,-0.9234202407180518,0.9082793810405114,3.811253345113872,11.254384256576358,15.372904171672252,27.53609881603569,20.40548550022155,47.24171809586583,9.327389318029091,116.3601879943918,88.32884578458551,34.435203447966096,45.430491561480665,84.17117408686394,41.2897751309696,18.313501248288688,68.81813525089315,111.66885106686443,66.64688840136319,65.88068717933444,6.506319178843571,129.62812913651356,-144.10529298468398,133.61213126022596,-761.5710577933274,-154.47946043630398,18.93998361876531,22.60222012441185,-163.7613285203379,-36.38351024804611,-50.982643399400565,-16.53851736257206,-420.671675189199,129.72937162052452,-318.6107477155247,-81.66323949162755,-57.86410140327972,-105.92196988888226,-99.69906322580565,-0.0723009655627802,-0.3667452742019387,-0.0840643481528858,-0.135383577238453,0.6641704244216006,4.567261163108947,-0.6787652830244959,129.60979660146992,131.4875302406859,-0.8021054543455499,-1.095971092768647,133.84081161519535,4.780683806785945,21.426570632026078,153.69945524406364,115.57320989859892,85.4352724636414,167.15718134564028,160.75985079439505,139.45305173020108,2.08462737873264,137.7253975301214,136.71935540348468,175.66058244276766,145.27990767634418,71.31754050340352,-3.616875205861015,-0.628164936087324,31.645461310802983,137.52605464245846,143.02647296920807,139.33234685477257,84.76199647770298,-2.699462094401329,2.9000795635033114,132.78801998738246,138.79745555327383,-2.384785599904526,138.07764636827284,151.1948837001322,137.63472816214812,131.47259937438173,93.008491081834,-2.050072737493229,-1.4231744248775775,-2.1963078189618472,132.75070818639992,131.40378230798174,3.946553710811259,138.46076345866126,129.55698051654278,-1.1563281898057491,-0.1506189061607976
DFT_K004__PAC_aligned,-9.825311139093266,-78.93089778284647,7.892126249159549,4.667150240010628,-134.2951121277497,-627.4165252929618,-249.58247483937464,-124.01064532038238,6.820254501780024,0.3197955829001131,16.82318196055423,63.27784438990281,130.83627714829998,-75.98840056539818,14.768384696600249,20.5952872084356,33.335644695578395,15.272774857255351,9.78093585471331,14.148523168219914,36.717166136617365,38.53016333727865,87.17979743914887,68.72796690756914,55.30236962426296,2.407130270157838,131.15415855519313,-165.63395728590797,133.17837396576283,-712.6616940091251,-116.5007535011567,-15.125094887617646,-11.259333893579726,38.76264229822454,7.091908471094619,11.596265544227323,6.763700546534633,-133.49218530670612,16.674217747767607,-28.06137938526109,-4.76940811412031,-6.991080542704305,-62.40419637552662,-29.85129014094313,-0.0317735209787904,-0.2100633938137584,-0.0784912387776243,-0.1063686297488668,-0.510345595865533,-1.2870989395083607,132.3063974606054,15.47505945898417,134.4974742087332,110.40685730365158,37.95824493596955,153.949690134954,-1.314457944340634,-1.4476762045449076,154.87909489537546,99.7259286874317,96.43667817107888,164.8582914519685,159.36181586672947,137.36085744714302,-1.857941130459444,140.52136040186406,137.18670998463267,174.8155680889268,144.77781648354528,97.35922553247198,9.171885076074055,-0.3731591150407523,132.81408554353138,140.58061801302773,149.7234394645979,138.04820940652863,70.75855582362716,0.4583615229834931,29.863476340984807,140.0958973247264,136.10777082023333,-2.241200805493586,131.84266283539046,136.6436447456393,126.82662807712713,130.39280612322858,-2.4861558669588466,-2.356340359262509,-1.715020216948956,0.5528290553199361,137.01403799924879,56.06123042769679,1.5922195609110652,81.43708222772946,1.48708365339765,-2.7698567356861314,-2.1983524872638536
DFT_K005__PAC_aligned,-4.37231141005223,-19.712141671465826,9.01104256442848,5.373858678351953,-23.01534263419743,-52.86099395353189,-87.24710167552047,-366.36288208565225,3.0668628995343923,-2.941034495518579,-6.893462419732934,-11.368683185523828,12.406650825485528,-86.61019778836234,7.963093015299272,-6.396164109045927,-9.890554463578155,9.187234732660876,2.305889090004243,9.240728562201454,-10.413705446010797,30.53927093251928,75.0757447717079,50.34979516166584,44.477873496022085,0.7647519059646335,130.54804657487438,-175.96058439707923,132.9449996021704,-702.962477652827,-420.71837213222653,-48.46402834116379,-58.80606405067172,36.99612405217518,-28.18948139542173,-4.267004390459318,-4.222443543483243,-102.9071808746826,37.298406559910006,-18.39995826344876,-9.565674475642703,-10.628515656858909,-64.09415761578066,-27.190608241645155,-0.0435153424290888,-0.3176644829426032,-0.1564473125464734,-0.2321173135382261,-1.9429572268595487,-1.4159533448800945,11.756477162183575,0.5009546720519792,67.06533141526454,136.56072434980013,139.36468583838163,143.01785977541545,-2.8304810188807776,-2.2348361748392307,155.17625793436986,91.11583310996424,90.2110161652243,164.3866021911438,158.8048443657076,137.66945990707242,-2.3778950917205868,135.81186856275613,137.2269117958818,174.41027723207208,144.66964904237727,97.39906599520756,62.23060612094781,-0.4361928723981063,133.64838630677747,139.7911292017602,153.7377649284969,138.36341969514646,67.85613771856248,0.9075813013111781,21.13255166898662,139.210041349138,136.69074064653336,-1.5192038018767635,133.7966471991728,135.01947158671635,126.88852241091203,130.18113883948232,-2.343879020792204,-2.147184425164939,-1.0478165670038595,-0.6559143088248064,139.83809958769552,89.60853381042757,1.732089550690148,38.665930955259526,0.2230633004112768,-2.986684445257363,-1.8998972732243808
DFT_K006__PAC_aligned,-9.818450640506464,-51.43346972842132,-29.89612463645157,-28.12912228008842,-64.29090354734242,-342.96389634198977,-114.29261873619818,-71.74524550697899,36.58979423008768,36.77528897388939,69.08230358392544,120.73746730674348,130.8913554711176,-31.77562392145134,34.524767383725774,39.86879671515758,1.2458711898460866,-5.452326610565753,-12.345247636302382,25.379491291992217,30.048098769933443,45.6941476658406,94.65708457750668,81.80445627195982,64.87077298585447,3.6543641939499794,130.54889078337982,-147.05166783131,133.29936203858264,-668.6949610661435,-13.748471083093824,-7.40789487305468,7.130895178523071,28.227152915382515,11.865766284921902,14.22271930339431,9.812766253345478,-197.0865421079388,-8.395283099685074,-52.78370864554508,-11.29220272691646,-11.140193824697995,-71.7507830594755,-40.89408998420731,-0.1815932032010622,-1.411781518168336,-0.2195604105018739,-0.2460504897151864,149.11558217667218,36.29473489570814,138.88301431217556,143.44629279609785,147.2793332690264,135.74870900727822,131.86323370007727,147.7458692007718,-1.3905445185436394,-1.6660484378123166,154.17516996474836,108.4689470351556,84.19266380766385,167.5693292912224,160.10532376931624,137.7481157828522,-1.8421449535479368,139.66405585979948,136.94889729549314,173.87887460127286,144.87064182716443,72.18619869301374,2.0385751326678205,-0.6816591778348864,133.48501478681675,141.47453299222838,148.4190006516103,138.78562301977104,75.4846310950811,-1.3906599417122965,18.96450239760207,137.8059474454587,137.52762883336726,-2.190351922853368,133.3757691984725,139.81499377411015,132.0472027172799,130.9483138815318,0.4661520741205518,-2.192396946165704,-1.9897486946028744,-1.278528425221284,136.21893806705182,100.89217335512306,2.479741605549858,131.4203922996167,11.123131397426542,-2.6002311832803797,-1.8754193031590416
DFT_K007__PAC_aligned,2.017156916119279,11.562250977985217,-12.612046064776518,-6.520432618863316,17.178594410801395,21.459591665019538,20.01522573786936,29.68207454947844,41.06628707682751,32.04810325422744,44.062072391868206,26.003228198232183,11.501857675847994,37.35263037684713,54.72266401247855,42.28855264911521,17.120286742057537,-6.195473720862013,1.5892783589156778,46.74467361020088,13.648704619831832,78.83975990474883,108.40052869095906,53.96389745255828,62.70246300330375,4.000517920657785,129.93668346152876,-108.04705977787296,133.98308634511244,-541.0000616684265,-174.97269302008596,-45.79123730886864,-50.4955764983891,51.359665188233706,-19.62013590639918,15.127140796123983,3.647356583146743,-602.8877651291792,-91.64485825800564,-88.27275272525534,-21.00336274927433,3.534076907626006,-100.72234349793727,-59.29663937666877,-0.1160427801388282,-0.8051052813734838,-0.1346114487222563,-0.189904269771402,138.33539263682403,134.344958744994,135.08682450017187,146.4415531791416,153.86935612103196,-1.6938160171555976,-2.1630221274483503,145.13557584413005,-2.05008317474317,-2.012238704867252,156.96561558044084,94.48408500248532,60.72996056541989,164.83399384151616,156.62321670683912,138.02854904985202,-2.1308862090943883,137.46825578271992,137.40401851487175,172.06344176692932,144.24997683818248,73.1001601328227,0.7633798821345762,0.3223439894295404,67.0709213502275,139.11830345267907,149.53477474057794,138.84980045298232,64.19407651115277,-2.628393425755222,6.670932601145636,134.85283107814965,142.7428509232379,-2.062248656400929,131.87604528145897,142.29474749591768,135.74416225440842,130.9344074892716,9.822198343503729,-2.6047572798056096,-1.7764794436331242,-2.2085493975965167,139.55736369620482,135.12057374964354,12.134131262223214,134.84582945667077,90.96441216787656,-1.1012220932902124,5.248615681307498
DFT_K008__PAC_aligned,-8.234665511269478,-13.234091834839507,-3.643555551746992,-5.732142556107148,4.184049626758515,9.060315102026127,-19.556451987880678,-85.58888269370534,49.43152612820761,23.194175933060965,15.340111182997475,70.09152313792563,127.5701462265803,-48.582888152169694,46.67305010644634,-6.47620924974332,25.047541135824307,7.272727040554756,4.0972823298085785,47.0890301480443,4.540849734078428,75.10594951850173,96.27967632388714,53.8291500174229,56.58347142110304,6.498559230230837,129.4262089854888,-172.8923497157612,133.5663699121202,-627.4172236580054,-118.86274019221474,-5.234434939783733,-19.17093425293049,-55.43506159787113,43.51574809375215,6.9018774456352485,10.457379504520349,-721.4964277016489,130.853960697907,-212.0734946656538,-18.79398992779892,-36.08177454990528,-140.1730698628118,-73.0444435957986,-0.0720353055706104,-0.7770886344051914,-0.2440274055782661,-0.3410695031914213,133.89931980264745,6.969136112715584,158.2424643913164,132.15252068310863,139.91806321407174,84.20072112220811,137.04611278272634,140.0254233827006,-1.673339024016385,-0.8291772056604416,156.07405361031562,108.83623567051346,64.03785824242135,166.75735272187893,157.44721929941892,138.34901579250402,-2.297933414312197,138.9677682901138,137.45999552012546,172.5011270515436,144.26990705647793,63.81381949218823,-3.380868353379931,0.5241997470416114,51.00953635932204,138.48558799561752,144.02582340259684,139.21612136799988,63.17797423119358,-2.7218540362843933,5.037888945311555,133.63162828011116,140.95582507750788,-2.2783235724618915,136.0657770132162,149.82482000119526,138.04068345407487,130.65176501870783,64.84993735976137,-2.655691172398953,-1.5736526330471838,-2.1820761434047435,135.84538719081095,134.18516169286784,6.988255921567252,138.73010962371316,131.5053592178976,-0.18865916610846,3.7977250931503166
DFT_K009__PAC_aligned,1.9071560016974896,-1.8019993279807596,8.047185547082076,8.964049119782734,-4.418558985113808,-7.187832516281766,0.3323958976781487,6.535661869611053,-0.5051035038750094,-5.893396269557142,-14.39377141380113,-21.48708873754273,-54.57979435238824,6.501335907045643,12.49418288462,-15.992226458038663,-27.596902189173434,-1.09119176211936,1.6042347051219412,17.91809115904507,-26.8888503839419,57.18284762384568,107.6740740463819,46.50765886737135,56.81253400112735,5.6055672119384905,130.25658468231185,-183.10590654387485,133.2915208410217,-613.7539654162814,-291.28512221349405,-11.42994862785666,-21.41569836261657,16.9711047503276,-35.14408009475644,-14.547046201973046,-12.331127018886322,-173.13836942633026,-3.798079965042638,-51.70347826212867,-23.982282259921455,-20.968381300140763,-77.04702692936934,-45.15479829567591,-0.099942746903184,-0.8635866241441421,-0.1712663756829769,-0.2696012797050745,133.0663644593954,134.40595853015222,141.17522305970593,140.11493306598945,144.34108218265607,-2.056449703056781,-2.849946582878861,156.44967986670264,-1.4797436801810688,-2.605030454790854,154.30378768566544,111.71942590996638,79.30157302564837,167.80993689823248,160.00050506005618,137.82597822454775,-2.5776691050324034,136.69618965578186,137.46084918671326,171.96740014008267,144.23439928427356,73.88009550659434,3.834439055070327,0.6478940015889801,130.55638264202125,139.4409242404674,149.14320373900236,138.50284447573418,65.79904891686023,-0.8915552388184056,19.75675931952729,139.09265314594407,136.91064256133183,-2.2444333749466727,133.03499394592367,138.0899974249684,130.59665157038205,130.79217425483648,-1.1524403378847716,-2.584462577009252,-1.7384432066868725,-0.2517220064937641,136.99061687421383,81.82931134400832,2.9287881902151534,128.0843065996413,5.30837207685246,-2.683333029525645,-2.0433686017723547
DFT_K010__PAC_aligned,2.6657674158716302,4.523311788876297,8.563657672111344,9.602611470601516,2.304320234910742,6.364112840570787,10.381693210114944,22.33701981805641,-15.49972805380778,8.80123427998396,79.2439814483281,1.3134770931815964,-53.91553741101608,19.440878891520374,43.893879731856686,24.332991429957104,-5.681875316527606,7.871113858725235,10.25304128655245,20.50619544632839,-9.595817892340538,47.07695735194833,77.91193707655351,39.03131415868985,43.127547797338615,-0.5739662260680514,129.22318356073492,-162.02020899432864,133.4161194167435,-613.0630880646233,-21.289062985490343,35.10178840228004,96.04965691713296,-1.182443201629988,-16.51256236142222,-6.312765784240732,-3.7124779877289313,-179.89581826404623,-48.91584789898616,-107.90809892821127,-35.776460670099034,-22.416296754400168,-70.5601978965369,-60.68127568838986,-0.0719488329952452,-0.7442576421099713,-0.1490965222231234,-0.1955262841969229,136.44279930087518,133.37474046460412,157.6542316865256,146.13090789061448,148.4453761038847,-2.5462825554111688,-2.661018436022012,155.351106583246,-1.8434385705109184,-1.1356957401756147,158.1226953115033,89.00330648079913,57.77520603583768,165.27056135404513,155.6732772881996,138.25696549754693,-2.290720214643276,136.40849566249315,137.3207220959789,172.39825167617553,144.363901789467,72.58512185309588,-0.9238862774204664,0.3677955585977954,134.85763186785667,141.923612993386,146.83909698774883,138.82662076434747,66.39330322976232,-1.7964401983841338,12.871302069076338,135.68603975594445,137.0425871760024,-2.210979937724161,138.2231955036761,145.51505873377772,134.329309088042,130.8581911836574,14.832795175301532,-2.1241037460810057,-1.854448421067028,-1.669972130673913,133.10924121329126,93.4768516958776,2.683655796892192,135.72532874647865,37.190471860643626,-2.542564356671654,-1.88293025203041
DFT_K011__PAC_aligned,-15.18125076566999,-61.93579446961424,2.674652543247566,-0.3774422560782717,-84.2794035733483,-21.75348602571626,-53.1946145844492,-29.74710094999896,30.829299958402665,38.95040557871521,75.5763878773694,130.6841438506891,131.18171321759021,6.204145774213324,41.396624445745175,53.78870307383524,60.48820698748676,22.4735352068028,15.28855867739666,36.3406255936587,7.675579927376688,68.2361979689772,110.50596910717526,86.20199524050611,70.02932677600143,5.91529370167601,131.97433765421485,-173.75006148890697,133.34582091624247,-610.3631924978237,9.110185768082056,24.268186813029217,-114.26735853306786,10.905742300387033,16.01808421288215,11.657532961538251,10.384499081746098,-412.9432240443727,13.060288783551211,-83.21094542024353,-19.227417658416144,-21.92836694234472,-137.73063519963043,-65.03119374248544,-0.0398818029924005,-0.3348705398213558,-0.1208355823746494,-0.1483492931420867,7.870427739549386,-0.1008952284760667,146.35025321085152,10.169514404643236,134.4333361408113,131.25813431373837,5.551949737320156,148.52033773184144,-1.1776661011157732,-1.1337980761262016,156.8514522173923,96.22256981840164,69.36117349379504,165.7727784273105,156.46165400158625,138.52404469333274,-1.820326240151744,137.61127111589713,137.53354161039476,172.32961927872196,144.18768650030307,69.3278619577887,18.586274034790566,0.2969357542950411,134.0606590239909,141.444741495211,150.80893971740755,138.4524273224009,62.07684879145304,-0.52788583614212,17.809088802371132,138.55559477511522,138.98746882081986,-1.95832999056279,128.52745135979484,138.14249595417672,131.63244592408827,130.40012300249907,-1.0813276808180063,-1.905184428551886,-1.783606921920324,-0.1238150071741461,140.85595084488247,132.5807902860718,4.871087893667381,131.76293272263828,19.16060801378302,-2.556385926469993,1.5727773611887643
DFT_K012__PAC_aligned,-16.20771727417906,-34.715425461897496,3.6596990414157484,-17.677739334170692,-27.11531088040114,-51.22355771950252,-62.822881266709146,-208.445264655096,8.208301607413338,1.4533349855412272,3.1649050903039893,-0.1036590361640001,60.82241612678471,-83.96305448483322,21.868206690148902,18.02200006575719,17.506522716150744,13.356348873761828,-3.968361511983577,23.257180784386826,23.740607275686344,65.62879651488505,127.43878654703464,81.32753490903713,83.28253948425159,3.514466031746137,129.8615438740428,-166.84851451714593,133.58267317030874,-648.6305004032548,-354.68461423072955,-45.69693318329056,-67.61137642293731,65.30369676563205,-14.803234143952665,9.851200196341184,5.230166740428089,-122.0404724888518,30.630825974945985,-15.160359395331788,-2.6778695253704816,-4.054792612707857,-64.37911514703512,-26.26070155184053,-0.1496755442328862,-0.9029984716687876,-0.2365922652152128,-0.3855529195200419,28.036407126745683,129.68265337758902,30.88332786140791,134.78352610668114,137.13708371907882,132.37483525496444,138.78193217948834,145.82695284968847,-4.010096689331238,10.643239631609871,153.56266320591567,126.30587686777108,96.42515719621362,169.50565927297168,161.1166204724802,137.81776168417105,-2.425577550240864,136.06923842326043,137.20252699172468,173.07428298112993,144.56601145907467,74.5636321234212,25.02213154041959,-0.1915780524811275,132.60404970400805,139.3474128861428,152.57392449870252,138.86734335823823,72.12964233679504,0.115863348937019,18.60774943554605,139.29151865394255,136.9899507897383,-1.971132798270836,132.33170317131706,136.23309458912706,130.24995482947315,130.9271874662229,-0.6591364928519433,-2.3756071786523205,-1.4721410822698413,-0.464104153595189,138.80713699712334,90.00578392362077,2.7420858342041026,62.754443959399616,2.1294588781325112,-2.768688554101963,-1.985188183264107
DFT_K014__PAC_aligned,-8.27937615170444,-14.61828435652879,-24.23701080236569,15.585944918215615,-10.552305091980898,-20.99121692052391,-15.394828761302712,-24.00463224116349,26.35462944211131,10.107376053058209,8.157580954641844,-7.016521624533468,-10.941148842775265,-9.0026825004277,42.223054115429264,7.323360196041001,-3.756275137069121,-5.122404950353975,16.60189308645394,24.17198910678722,-10.684852100766063,46.50605412303892,73.74628534097147,37.32542326599396,42.6804368857241,5.50843754367056,130.93521396667776,-141.5533660251299,133.04172896562636,-655.0947761147413,-204.42109469732335,-65.20037007472745,-25.992820227741305,61.542572610900166,-2.066847710823655,15.22734667787609,5.436403531749207,-45.225777648389936,-6.972538835148377,-0.1430972350183523,1.6458513045434895,-0.4651237679704856,-37.8820361942351,-14.782892267096024,-0.0747669824377071,-0.4911812489084139,-0.1719251016503458,-0.3794132911236384,-2.225532522629946,5.058146638093169,-0.3286330980563131,7.901446552485179,87.38426210747893,-1.4151230259892384,-2.604948840048291,141.14216215194693,141.63328655352169,0.2677770059104592,155.3618915664303,103.71179419198155,76.77055659638197,166.4328529082128,158.75422051168306,139.09369090454453,7.263056094745696,141.43456507100467,136.91775997846614,173.51903008354125,144.86445143451397,65.4518183803641,78.2907789050798,-0.6459874287974617,137.11409282703286,143.04233247155128,152.21349323946893,138.77026410264878,79.42550752709678,9.989453438589797,54.612875876517066,141.6783671604164,135.04066344993632,-2.1593312576270547,98.64562275633207,132.95483132473763,114.67855416526514,131.43626133612108,-1.8150844267534856,-2.129702299572921,-0.4980992533446405,1.4203957269093563,136.2125385541867,14.931931720233528,2.769813350074787,8.622925117453233,-2.809590162356646,-2.222797231644225,-2.6826434067991034
DFT_K020__PAC_aligned,-7.971149433501651,30.26076246436755,-7.989881951315869,12.21772639476805,30.100154230466,43.39355646936525,56.69620595503788,92.9106693297567,18.182578131034752,19.87478664394544,23.646018195858154,28.330503096267464,37.978399564088825,99.74602347762948,28.81115356632855,31.76058301852885,25.07288328936994,-7.431365444684163,-0.459593976504923,27.208056464939947,18.35860423205133,56.69982292248195,117.16096962843189,95.42369005044628,73.16989661124565,4.071817156772253,131.2103750805684,-147.85191863761366,133.10935103754392,-623.176913588768,-179.1740441447473,-59.34805574090548,-287.4029621090411,15.641599276841518,1.296891528982238,6.9928900527427365,5.688837122160638,-228.10558225384344,53.43073336257888,-31.958623038443644,-5.170658409907839,-14.213353426357555,-69.75777461909871,-23.400342386047463,-0.788057073845345,134.00559948480011,-0.7669785166543538,1.3682891916935556,132.60132816497202,153.6319894565764,147.73854354108522,51.95865145558691,136.47836227071764,132.95064950275233,145.89786577036332,148.09445280252643,-1.2308682876825718,-3.9976270470513713,155.8679298951708,97.9544018103813,76.6010962440871,164.77405431620227,158.16992689015854,137.73007445189478,-2.668526777478452,136.71294379117012,136.74989080000992,172.5446980418627,144.9570325591106,71.95154412499888,41.655277301940274,-0.6845578720772221,133.18856589480086,139.75487829796546,154.4066049663035,138.5888063289929,88.4790548833751,0.1746910399950787,17.52484373131006,138.85197651839732,137.68127481938558,-2.099595093603679,129.91785317792653,135.84979890369698,130.09024517028868,132.16287583610637,-1.919402087908196,-2.345509726085887,-1.4259431227807866,-0.5587790206605792,139.23421633041966,126.46304964289345,5.637155632542089,71.77106296527751,4.163127008588297,-1.9886661389207096,-1.3616231444078817
DFT_K022__PAC_aligned,-2.684967640520988,9.632316362002946,-9.627844425533024,-8.17240252679756,36.20103421262546,80.83374130832969,76.20209532809618,78.80864583479807,26.074641053516117,30.757549473562097,55.5633225535326,55.45609668346931,101.76332865787153,95.04899177578922,37.896116726205946,47.27436107957189,15.131502637286836,7.3868160469203055,6.667374618563116,31.60799364270957,12.29867968131562,62.946462913709965,116.82459105396254,83.35303618970964,67.51506329876278,3.1830505399327595,131.45252355739325,-173.03925403293826,133.17971890961846,-684.5517297927922,1.4206802532126446,-9.250410405842828,-115.61572145705756,10.27387101172476,12.41138727701706,9.589269337158544,7.927088313053906,-313.47411524730427,13.839827320429515,-74.20636501798907,-18.34589286532605,-20.299462194335725,-117.50148190493424,-57.909218894689445,-0.27288166932631847,63.25352293580141,-0.8106379073714375,-1.1188444415509673,142.58601136766518,157.15948498897592,145.880011853888,135.49035273360198,145.2491738896381,127.32148469181291,133.45965706082285,161.4263891771955,-2.266069363829894,-2.243811815620551,156.4209659078807,106.76182224308316,63.47272278687976,165.8806201235641,157.36305652429812,138.15817393448285,-2.0294673400608976,138.1672456814299,137.35476412039526,173.92021005599733,144.49323305949014,67.95651938368826,15.70579393407825,-0.33138027846711,134.1163997370941,141.29743420019167,149.88974093608746,138.54591791129127,63.30608978290709,1.5697684205523554,35.75436062811168,140.4398320692247,137.05297906301277,-2.0727803541133576,131.68267406208025,137.3021017055048,129.58849006474884,129.7498310769661,-1.7168963822614576,-1.978615510268668,-1.6331021492934652,2.15847693230016,139.04765160253672,125.78811940723524,1.813811971615444,129.20239290211424,6.976318729669905,-2.8428026698944064,-1.0124455882730028
DFT_K041__PAC_aligned,-12.555415241019515,-26.329300259936037,-7.631068052381901,-8.639973839931187,-23.63707722567533,-87.14507195738304,-159.05632345928151,-84.72916375781789,26.68008222939815,26.515510360337505,54.1635135770622,54.866960002458185,131.86983132390046,-18.399741259796947,31.687144969280723,40.72213189739139,24.147141323982844,28.939184980172403,21.916281192075665,24.08709911612634,31.531192903971075,47.80490714530161,102.45012309609908,83.68016259667067,69.23600169346015,8.71128334183855,130.43664437007422,-151.26416488021113,133.77687442567432,-512.4552287656821,-65.46751893286374,28.93035360752065,48.69812247319456,45.82132477737371,5.45802477883996,16.30342690384303,10.034288994787754,-234.90956947487567,-21.060164242201765,-64.06165807886453,-13.475822812764642,-9.333285030575674,-76.18206766081882,-46.47470875164147,-0.155080727667231,-1.489617130095941,-0.3178648277469008,-0.4667083634586519,141.077559526522,138.3418049251593,148.54989120869303,142.87516431094448,154.43109379585252,137.75852846955263,136.64480578277997,154.6608919447939,-2.710999271085343,-2.9717222769060547,156.46983403285302,95.75037014600436,67.6933133972372,167.09640945950858,157.51093774784607,137.8359146532419,-2.082367261673121,140.00741481635944,137.45712778296254,170.3607690298423,144.0623049447393,70.6015999242805,-1.4118997613107125,0.9050977510685492,129.30742273486666,139.33857692506336,146.887864658899,138.94634849592856,66.02082607944554,-2.374102306048873,10.36640034416116,136.83739674381778,138.3145607156943,-2.1852479952567148,134.65122815283388,142.2298475329024,133.6447730421931,131.1531165995599,4.883832271192849,-2.3694679746791016,-1.8178086132073907,-1.3985750910482246,136.2263355229887,129.6342036569409,4.340223806164387,134.0140277727885,27.63902568465021,-2.375066608030868,-1.2292598290240322
DFT_K044__PAC_aligned,-11.844849320210324,-27.543820822554736,-3.217235989011288,-22.399690470944684,-23.594989562850284,-44.740910414206965,-42.97081863383095,-73.29557565542805,24.23949853122109,7.963128844737126,9.26483534875483,-11.335593468728856,-3.8499446185130246,-44.88398781659208,35.97902227160575,16.555047777355973,0.11856967757987828,12.566527014594058,-7.06118864147042,24.76891432137893,-3.597799462965944,52.87533279042306,97.58280312200436,52.81438235111143,49.45643113178404,2.132214332594879,128.90946433145038,-182.06311168597728,133.66415939225973,-582.1644844236006,-462.4837619573184,-57.87776963911081,-56.06665039785049,80.248044136033,-4.070253032761409,10.673994901506036,3.1866884563654314,-67.38847128591279,71.2435693070429,3.069836279548479,7.019149663877787,1.9565091385324127,-39.36077620990464,-11.616838721799551,-0.6581579643041469,26.723716694414424,-0.4996449738610851,-0.9119265988532106,138.91056187495266,172.99705107763043,59.29533252397293,139.50206359015786,138.526031673398,-2.276524313498821,-3.8812041388128797,150.35350129917975,139.2331928525802,139.98478670223867,155.91087811666395,97.95772872668692,72.5137361692898,165.86801298790203,158.07788655061222,138.2038669866871,1.9181681570096567,134.19181295217905,137.60739023346423,171.82511546045433,144.09455723889616,86.98034373793337,13.710179502028485,0.8946878865769587,134.69740892058465,142.4792097823787,150.38680232678794,138.46494348713318,61.07649794008962,3.4709179149270586,43.816766643163845,140.97996222782209,135.24138177786685,-2.2003710825755336,132.91338697077967,135.67248119038828,127.30689595373678,130.33881230899559,-1.2828305030731504,-1.8194365414370688,-1.481634450595813,0.9638854905101962,135.20566318802548,20.00895357252276,2.0044317474068736,28.33164664912121,-1.8760018652065595,-2.7840206510466285,-2.6976121266882678
DFT_K045__PAC_aligned,-2.5428663852953104,1.3818610370158666,-5.320689716280317,-2.3625820874791934,7.489651640559387,11.980110649338991,12.514165931922472,24.07843323258532,12.41944404169486,15.399963430909684,34.25725914088537,20.94306977780103,30.306840594504443,33.45631966229422,33.78577562584897,24.01865402837961,13.843993802176913,4.854937594541834,8.984317215861111,25.50861949012383,19.506108770322538,71.14546868396849,100.04108334970203,39.23992524072625,72.16368989187347,4.488678235469791,131.75475441832518,-95.89495243479593,133.45750717510765,-525.7396002117906,-108.56815457665915,20.066085358316613,58.827303876075504,55.065972117719895,-1.3129912345519497,19.145924306551223,8.690277172285985,-250.0391410396467,-9.062306858275006,-35.31182650373694,-3.616940868167198,3.4734837964285763,-78.17529335895584,-34.88018327281157,-0.1019845466060047,-0.942639815870258,-0.1860984587931463,-0.27486125998556066,135.99144885377672,136.10814215567575,140.61739550268842,136.80427200044525,148.72387818917,-2.42668341791204,-2.582917972233902,165.33142338326167,-2.4106027290435046,-1.8083119710228452,156.65604193271847,84.70691826913124,86.12077384601567,162.2438297710571,157.08271436470707,137.21580786853954,-2.476357226948447,138.63180766816816,137.5500413820177,174.7524951766474,144.4074983967882,107.24818447149966,9.008845880957812,-0.3391745413995315,132.41293463049027,141.4749380635074,151.07890012242208,138.10863736496333,56.457593296402536,-1.8909443903017207,13.216694671873938,136.68511041020852,139.98198686703108,-2.0961875884319543,129.22027766081257,139.46065393621123,132.88621385956415,127.73650082544913,-0.3004297481125015,-2.2109612297767263,-2.026096555946569,-1.8694506408194893,139.7129596566166,132.97149873571087,3.138539041098567,132.52006305095887,26.870719808592582,-3.0169319712599623,0.9609318706307088
DFT_K051__PAC_aligned,-7.653823696345366,-37.68436877838212,7.870206648048141,5.393949807588979,-36.41739086102425,-7.330474062513574,-8.64723829799389,-3.6087690186275236,18.429586965886504,22.52884923945351,128.87185014973227,87.69851960487297,51.251951204515365,1.129218508216855,32.87946667985275,10.66832650876237,3.868273453748614,33.53556524960921,23.291018000792967,28.87911381494508,7.023233838977191,45.87078689053119,76.67795721303774,64.8106869636578,54.798102465043584,-4.21306061456653,129.85650557988475,-196.7645950648233,133.0406503681163,-604.1638293336136,-114.34401299100224,-14.065608195134402,-204.0711363818008,29.11055283156658,-14.933660702184763,7.084787134052219,5.289758383932641,-11.073287834480524,-35.81556653365542,-5.67397136909287,-4.026626052745316,-4.470181914867483,-12.249759055004116,-8.991569109567283,-0.0820324502743439,-0.7454598194950466,-0.1406239936193089,-0.1696065251012515,139.542918132088,106.10770911209109,148.00495643553157,143.91149674162196,155.09641199286455,-2.9274292267848527,-2.8210685559559745,147.35211108500366,-1.4601955329201537,-1.8756981697565556,155.4076487747505,98.7015518644906,78.98542697936345,165.99407778182785,158.7092979518081,137.45729406248446,-1.9559737475643817,132.72791184630387,137.32439020784506,171.9025174869029,144.32518190660636,87.50157164026658,142.24401891142452,5.434234167650816,138.7442312865689,142.09452291453886,153.1930247578145,138.32777567069948,68.34772787367365,0.8659428998862361,26.11754058035321,134.30663525313815,134.245120727739,-1.3787128322887383,135.08914944729625,111.14214673594604,85.66495916988337,131.04089856250584,-2.731606137013012,-2.0629476480454625,-0.7475508214256815,-2.559726878373658,73.10134964548628,-0.7723735528748591,2.7885485336909093,-3.5442186626152314,-3.72919422934274,-2.166102854957866,-2.5567338746980592
DFT_K052__PAC_aligned,-5.566282245502569,-16.608390706831596,-0.991023800051396,-0.3486536677889251,-11.38731674539538,-15.149557977495736,-8.097544372418412,2.0728771794236103,33.17959291464402,-4.903548432061115,-65.39441626894855,-17.794311060874566,-32.2077431445712,11.627603518095892,35.215167332468695,-62.24740633828846,-35.76298696423949,3.3929759772868504,4.821025416314638,27.03224523592628,-38.02499325993056,45.33836142998082,69.77720322109765,32.02093012816934,36.90791794840078,2.988415587811481,129.9258803478221,-171.9670744225313,133.34676577944634,-582.156741353425,-62.71261733081297,-1.2091484650678035,33.07750396867409,18.63026334622613,-4.086483497143723,-0.31931788466958005,-1.4622864824554238,-282.86112976873744,-8.156473872923792,-83.02315587956267,-24.6504004259976,-20.637774553475605,-93.28173996923702,-58.493553581245024,-0.0664408381824303,-0.7485921865798808,-0.1644259269328623,-0.2009040209134986,135.15509663385296,49.71496485941503,161.7502458435634,133.72382916091374,143.62296658085535,-2.605388039531356,-2.0493575711149834,148.67412003974914,-1.725666340801755,-0.928456167188742,156.84239232455172,91.71130132076824,64.47313653506001,165.45878327823814,157.09397773155362,137.9347294652621,-2.282234188662268,139.5413624947997,137.44482105756663,171.56561126410134,144.1751719330521,75.9283842695481,-1.2045024156978148,0.7179044501645734,105.7209285231698,138.98466461661224,146.83581791141356,138.75626137371208,65.01196995074919,-2.459108060054134,10.115201732367956,136.6907948004189,138.70221421023126,-2.2629691982934363,134.69879339176407,142.76928966903742,133.9764243175654,130.8979894947094,5.507065448418587,-2.5419635188987715,-1.79884870810562,-1.427183790342694,136.79773121743878,131.18617736377414,4.021362434232473,134.72068671976618,37.44027976102127,-2.4521834539432,-0.5353839271495338
DFT_K053__PAC_aligned,-3.054658710144229,-2.528337773656922,4.148970532355532,5.31674904553252,2.2922170420132666,5.542616263162479,3.788109333344156,8.857761406777607,22.714787468628582,21.822006445359705,59.92147808315076,20.00720721308523,21.070383521103228,10.745598707077672,67.28192652231172,23.376786282818934,7.703716263774552,16.343060890425576,19.724840938436085,40.91687679191924,-8.216512859526865,62.92491984024035,87.57920796870947,49.84682420083534,54.303238134896766,1.985396764365772,129.05071725679866,-210.79196288966844,133.50033956028824,-727.845102156215,-82.20013403352266,-20.56895356115756,-131.80617363018473,-0.4653594015691862,12.129578491281308,7.191750923970362,6.119846952705604,-412.739063248404,71.37705512947484,-94.6928106428664,-19.32572710456843,-22.6964206010954,-109.1748626987735,-55.34970105574287,-0.0800252628818584,-0.6293985797944653,-0.1147049316396578,-0.1520596325837547,138.44066612304738,87.16810006200028,140.96628169732267,148.09723793146458,155.92121678073516,-1.564150696528305,-2.0321390499091234,146.1321113545318,-1.5832415584738522,-1.6289964627112214,155.5954024080167,110.3480373806783,72.25344994292605,166.57420426033917,158.0448514961368,138.26075379340665,-2.3322803037551627,139.42453455535176,137.6968824541299,174.78750275759586,144.29975423132635,104.79071062353036,0.3234919122449182,-0.6195631817229525,127.02478376845598,139.00065782645765,147.90558325617312,138.37969701204054,54.099336041616354,-1.730220728278032,15.954661149291644,138.10449910993495,138.20565734153442,-2.2948387903177254,133.94717247449626,140.6508200815201,132.64297573607465,126.94544733636673,0.9162524904918062,-2.520816944467932,-1.794444514044079,-0.4494822992517456,137.36823210472951,130.04440146573558,0.453645038226439,133.05559657774967,20.887023149665627,-3.873426609468847,-0.9791700446573032
DFT_K054__PAC_aligned,3.3204716262937053,3.4531136565471243,-55.242539148459,-51.89894378117984,3.4044589567406973,-11.011502783617512,-14.395405951668382,-35.154821525745646,48.24465680585766,31.19070213456197,30.196380061570075,14.651730382900835,36.2371041070385,-19.380610385693963,64.23966282893629,22.41923684890497,13.784106784869913,-31.8697668212654,-40.00046586004233,44.14160204653689,2.6527775746016067,80.56532801264402,110.03616430127605,50.98453988708363,65.29883927138552,8.117494388572023,129.67253911428165,-160.19962473057566,133.3101266555645,-799.1507025660487,-192.4999845257489,-19.951408480404588,-26.118258018641548,54.22184283246116,8.324734542839984,14.72209332462996,5.005669915233674,-133.88000353573565,20.19042230952372,-28.324474521227533,-4.729991563531968,-8.151278045386992,-61.78579665479774,-30.9403583967705,-0.5903349840175268,87.28116185711382,-0.759693297392032,-0.8407059801702145,164.76981261824722,164.41610030579636,151.7557956478043,161.4924572118257,169.83830654615585,-2.4366390097281787,4.380314475604875,150.41488536715028,140.36637012735756,-3.369469441374383,152.44582268766064,128.8549941372788,88.7822186991944,168.9015248777009,162.6466837823722,138.3086247236986,-2.4393016312876075,140.08406101478067,136.9939888656565,176.11522335907006,145.0262828776005,61.80597948633751,2.352684965423858,-0.6610798253019589,131.86086606776865,140.57123487338527,148.095917766808,138.58263066289229,74.3198085801972,0.1381368387709338,32.66028016712482,140.0997140954152,135.86893617422842,-2.3245248654262283,133.46175644269618,137.43154663433418,128.84797507382677,130.44926556809298,-1.391804474605454,-2.606067878668188,-1.705356458296233,0.7683718203098879,136.0573907088281,46.29157774624757,1.294862973024532,99.82900998086488,1.857728107831892,-2.767141109017377,-2.307469375063691
DFT_K063__PAC_aligned,2.940596861329646,-0.797111687382472,0.7691799632154172,1.276296740496857,-10.00257016957249,-12.436242661621026,1.7003232088299018,25.01793242949353,-12.765447687969266,-27.81217274272541,-75.93016647268988,-63.90163832971021,-147.9572658566218,31.555418653266752,-1.220132538573896,-63.71213748833068,-64.46112733706492,-5.778119009548868,-5.715699096554045,7.309797950318016,-52.44726121859309,31.449905090304004,61.66126784338466,23.60039789487876,36.09444933760104,0.9512249478730732,130.86092764055607,-217.6774490901002,133.44498555991237,-585.7075358256349,-61.37635563652581,-6.5295432242307365,-228.009426877864,-18.968494702068945,-8.093200830917532,-7.966541828299709,-5.417208318350529,-318.10274448744144,0.0827706749719729,-87.19241577552049,-29.770757325171832,-30.33297729732101,-103.5921441413104,-58.93536195625256,-0.0412152001303282,-0.2603713313345122,-0.0818375476369136,-0.114095099946263,0.821328261640843,-1.7219624303696344,139.83065373609057,136.19041280585793,134.5681855480658,-1.9491216718498965,1.7125613377958255,150.0801269626931,-1.678015795997371,-1.0124715786446143,156.7182963852647,90.70902162237708,68.86169877034027,164.60105873739144,157.236007932775,137.4738435456937,-2.271693373418993,139.94074063414484,137.83516418439186,171.15943207015815,143.85076442825243,98.01900525427317,14.394560424937817,1.1247038229393669,132.4198604554809,139.87676655992914,151.98197971424187,138.14559574167995,56.1020912474084,-0.478665822909901,18.949234709577564,138.91079527692116,137.442423788497,-2.066602995421765,130.37909731254143,137.42506896755495,130.0753483643207,129.72353744651915,-1.954776221905252,-2.079394045864016,-1.7093875310199875,-0.2918075422954453,137.7201403231904,105.91506405400229,2.583761542411414,114.12428808517498,5.968879637004066,-2.794271784103214,-1.588299801710956
DFT_K065__PAC_aligned,-2.201924325546111,-12.1654723505106,2.684622882065579,2.2936198789679096,-12.642893973981122,-43.76659923718135,-128.18004507269555,-210.8117084349383,18.69979695796863,17.665392396196317,26.676792785535117,30.629805586222385,125.5669690707147,-42.6142739367772,25.676815648017293,25.76991788231897,8.689478351834293,8.891723056324643,7.458494635481369,21.519431928047304,27.229105665494064,49.45897466524191,106.98145256522936,79.78567534696619,68.29299328039106,-2.758128537802083,128.851449457264,-197.5788826419137,133.66757292904887,-575.6029653800838,-78.77437362742909,-54.37333009883522,-134.98707791024663,51.094365870014656,25.44488473346656,26.362880168992238,16.177109186730007,-372.9503479939893,72.84337741425382,-54.25105303338666,-1.2348559341197305,-9.075603973803103,-103.29360639128276,-36.83347124514622,-0.05606541152896171,-0.3842285916160208,-0.1686966286300964,-0.2278170612778718,5.010368622587302,-1.635887126559139,134.5426127238937,129.14776661321267,139.26063073817684,139.69941319179745,140.63594207486457,152.54653413242082,-1.7931113628744433,-2.1075196288373257,156.90239926737596,103.84273263525476,59.53800351967577,166.91216488931792,157.1195141185778,137.91367246430778,-1.970496878840207,139.22927704751604,137.84341331640493,171.57199205689827,143.92051158912665,73.82873102608269,4.135911476097996,1.047106748727915,130.4951767024647,139.48419400508126,148.09316639665727,138.6092980060671,56.478294271708776,-0.4149034326658541,25.51033757475282,139.58570052253228,138.05172474570773,-2.262471782161536,133.04556684700927,139.11360989936014,131.72831937691728,129.30497558785416,-0.0921794779775809,-2.405512759336131,-1.6568869456871689,1.6295888629897997,139.7033790034554,131.42652772740536,2.8197159429132466,132.77751571811788,18.80591683957477,-2.9242469098159685,0.5429950072042543
DFT_K075__PAC_aligned,-6.675928286970533,-25.517854023485487,12.608150765573724,10.3855135260162,-14.87218303755798,4.146804567567571,-2.983415739186477,1.4583703552529812,18.12296821938764,52.28935827184529,123.16082648015538,90.1986111063988,62.328706037430464,6.1865452001863765,28.215484035403065,21.81881618030816,20.925245587927424,38.32197460726394,34.0032116020235,10.507137433779292,-3.006466175445098,-1.9357965159636663,111.24205627585374,83.59860680555705,79.83399337546388,-18.24718531982826,68.96086170047491,-206.11360867525096,133.2756237120483,-723.5043132442065,-241.05200616253197,-143.63209368279192,-353.26996658640684,69.71412324911189,2.797082771469245,24.148758147365616,15.079989458717144,-154.01389676039292,23.81493999237793,-9.728959402470446,4.632912701236471,-2.601502949231751,-56.13610265292958,-15.941772147858677,-0.0738912792073864,-0.7097873890406002,-0.1467518309469929,-0.1774071007569451,136.92675683772669,60.66343928596432,152.65615541049286,138.72796402785355,148.8148422498418,-3.02988813108422,-2.873874981607381,149.79123363816745,-1.662537227529132,-1.5984044280868484,155.63544995561625,128.55490843548571,67.92613020249196,165.63250177191804,158.25327952354982,137.86785654464165,-2.1389625181794343,134.82584460435478,137.38578462614456,174.6562846729759,144.52409580208794,75.51096102024732,73.74678967055682,-0.5667063304462605,134.6485826086428,140.42228912027875,154.78550301948255,138.46655076757267,62.0870605882488,2.558365404502061,28.05169722275093,139.87010509038384,136.33752319949872,-2.040176384108605,133.79583624581733,135.2485861915702,126.35014308598903,129.4688694274412,-2.0256833734143287,-2.5107377740315364,-0.9193793405918306,-0.0418174671436316,138.7300687514851,66.73637752883982,1.0167315437497302,35.31866264022691,-0.3436603808048508,-3.1671016956452416,-2.173833081891026
DFT_K080__PAC_aligned,3.448867549808172,19.306450014671857,3.489694841961093,1.909626224950257,27.220378828019182,64.93650326429298,12.600079513045696,3.336189768493611,-7.258911915345241,-9.79562360214988,-67.68680180832348,-62.48380921334828,-158.18949572583875,-7.587314306971301,-3.0663517986676254,-66.59948303667124,-140.75514632279877,2.992351845308153,-2.9336048610070264,9.176910974213923,-27.608166652113017,29.963462720825195,70.08050300317359,75.1871699106362,57.55254403038288,1.6673955361325294,92.88938264434694,-209.96276965678985,133.25242333867553,-554.0225714498415,-342.8886920720089,-16.285782945456035,-184.50264185790448,67.69276199174999,-14.649047939719315,8.878268601666326,-0.9273094533808219,-481.2951530130546,7.519197576416454,-84.56261597262092,-23.0437741267923,-25.045898066037253,-128.3613506070004,-64.11853796513604,-0.029517067071709303,-0.1700646215152551,-0.0543885633717253,-0.0737329314342545,1.7071655431000634,-1.3318382606013148,47.740524524375054,134.8495952295066,137.2664568262681,-1.4362320989873878,-1.5959759236452702,138.785546631315,-1.0665621432246228,-1.73602211294923,156.44015108944657,97.18558833004631,71.460459044602,166.28282068800158,157.614813856109,137.62497519163435,-1.859940832093811,134.62772639366565,137.79673796894693,170.7211443356281,143.900073755056,83.00473537364846,3.018788753613772,1.349876016573753,83.24640401332351,137.63197960818985,149.29493947574068,138.92481760315385,59.37210926414761,-1.7826223923278917,11.566917341333284,137.6829219211862,139.6097054179288,-1.8888178181618145,134.56898589547453,140.25143424530737,133.45443183090197,130.188786354325,4.730491283314552,-2.378663101349308,-1.688801541386966,-0.845758990650161,139.5780103722453,132.85256300973003,5.165529895042268,133.35870973409254,32.10314398574038,-2.663074443006903,1.335260144467315
DFT_K081__PAC_aligned,10.525400080877583,38.28349615416875,1.0691924993290485,3.944284144348624,50.67354834749633,126.10014399850614,80.00754169953218,57.05229230283857,31.458543347705923,30.66202645519076,32.3657129772151,-25.966720905222463,-47.05941305550433,42.84980964771883,41.966274357374274,49.45239807555831,-72.69171451397693,-8.418052868843077,-0.1113594478022257,37.24753556364246,7.694085977325113,80.46561763214903,104.86575219013818,-39.67957168426649,25.63242762521618,-0.4146602604554879,126.0551974401498,-210.5751635929177,133.6535648393737,-579.5831349702823,-270.81329122174446,-92.75332541152729,-401.00728857090337,25.18092236054424,-19.60706773417138,-4.459161311599077,-10.863057777375923,-199.25259104293852,52.99734312969871,-26.363475951732084,-10.73302673771298,-19.943631697032416,-60.52494711222994,-21.879815558459484,-0.048817032057033,-0.2692901413236003,-0.0812694891277261,-0.1124216403644959,-0.4274031238817115,-1.7736674385381634,136.33275353762826,108.42331430045112,135.01609767680876,6.160490150077072,1.55054555947114,156.86395706878324,-1.4281662152257528,-2.286971621165779,158.7247370137218,83.64632153957656,54.42793222914141,163.6348847794941,155.1198649372296,138.22541171998589,-1.9178354648481504,134.39364900199212,137.71703669145234,170.655731702268,143.84713384469373,79.2034879123505,40.0072626029017,1.1982571569007172,132.86929176163886,139.2374168951897,156.15259239088442,138.44647794568422,58.38245254486092,-0.1665266516139445,12.480101388907684,138.32156222423757,137.39083175837075,-2.1118214232063584,130.0492204459479,135.83558782815575,129.32481245527296,130.52172652175136,-2.1596110616488087,-2.3931965704068183,-1.4740901334071528,-1.0009215355919694,137.8999161430418,89.01268436482685,3.4307613039747795,52.10296759293029,2.129048468244856,-2.7263584785482555,-1.962958724165186
DFT_K083__PAC_aligned,-3.3566983456826858,1.857516904277066,-12.275032875932965,-15.151195200926496,5.20190960455577,6.039990037000482,0.7644983378783969,-2.521517879899587,32.19906862435407,19.486365335899283,5.235850046160508,13.535379965825754,39.628310351529116,4.19935496621731,53.71555554428236,-11.682428256086933,9.256858143769904,13.441313673125707,0.9254427925698074,7.037136608131611,9.231761222085009,11.599421680249524,13.377890876905436,54.56299178031227,75.36331960021268,-8.227043703881568,130.45839036688952,-132.95785708062178,133.37473292448297,-719.9778855328466,-178.16380025040633,-65.81740005876892,-219.41544235958727,58.56586061544062,18.32507200963052,33.71635092794406,28.76939869417808,-204.319499615581,29.885273905178884,-20.74324847508475,8.078424836725164,4.174233762263958,-74.24846798203885,-22.94352140040009,-0.1061593191910765,-0.9220708654396614,-0.2030083236850583,-0.3481424252869083,137.13542300361166,135.7561651161404,139.55354426733254,139.64066946129657,151.85541995332375,-2.1261116317007818,-3.322748035164465,157.94405067574442,143.73450898239665,-2.953360816787597,154.96499334600392,104.69452263835132,75.82079069183908,166.5180978716415,159.12446118318098,138.0997712753246,-1.8784533141611104,137.30093615062788,136.99664260126357,175.96404781560128,145.00221149830966,67.99129500716519,42.030422655669135,-0.9954186611524194,133.96018106306687,140.76805839793766,152.99134506803532,138.5130429950661,72.75837977543672,2.0196371070955066,32.18875926774752,140.0082009585183,136.84095903569383,-2.2159017192018804,131.71849867053956,135.5679478840266,127.86321256234706,130.52051702571595,-2.566186282039004,-2.870920476190477,-1.1755188564582792,0.5457644184136476,139.32396091047517,99.68040000593274,1.8973727531002589,63.58380422886128,2.017534237267319,-2.9135299666924688,-1.6337490315670091
DFT_K085__PAC_aligned,-13.38087534990328,-40.05749688936256,-18.323713213605608,-25.91132840404977,-31.593907057085108,-57.85859351034428,-72.10225117867509,-147.95807298410952,24.226673765030995,9.140714044556228,17.414923864998205,6.371072741679219,83.47881092481164,-115.07915550986743,29.92950638675729,15.895536849600033,9.74561346344716,-2.434345675472848,-12.055857088683869,16.999969898035268,-3.662009952896923,39.5540153731461,89.28083910612453,50.88407233377909,54.34692870314657,0.6395306863607635,131.33357048373364,-143.4095337700231,133.47628015174396,-556.8280324398931,13.417422506553171,11.238316383805254,37.54142028676328,25.540085305216817,12.85464526235829,13.703023915104502,9.291274635915112,-195.0913972256607,-8.883098286909807,-53.54452485359968,-11.640272190943543,-11.616630398882828,-69.54147953250686,-40.48218414708693,-0.9124960871690335,102.9473800464334,-0.704930135969999,-0.8436681763217279,151.8046558645044,155.0829786361489,139.34299808397992,151.34047922386222,163.13434618093228,132.10376570969774,138.34703356360865,181.45072364778534,-3.5903464714488136,-2.1797749257319143,155.57469032021973,101.28726217708386,77.91829387984801,166.52570114624004,158.58352760362686,137.70525329473472,-2.725497973774524,138.0259784610123,137.04263183627262,171.2601822597491,144.5202130379048,72.62896360328092,3.800783840940847,-0.0255929118604985,133.54902910036736,140.26395759719082,148.76068628265625,138.73823183383146,78.15155777630481,-1.7783210484982013,13.664904825391629,137.673954219642,137.6430811514264,-1.9760707970656703,133.435787580291,140.00333887331487,132.27817506030613,131.81819937939662,0.774617528691375,-2.034852064609433,-1.9710988639157796,-1.2020687892032962,136.11263813158408,102.6572619919886,4.738427467074491,131.61366554338562,11.963665462669455,-2.1276044973367254,-1.885205620891131
DFT_K086__PAC_aligned,2.4555367269504087,3.8622567231539984,-56.15058993708283,-51.12912960686913,3.3784156383881188,-7.786505929703392,-12.353827983642356,-31.382673437126066,46.3724408355031,28.755630601441236,28.30911563392107,14.983969634369819,33.655771056252185,-18.648640210890864,58.23867501890972,25.019396963749116,16.415279563775155,-33.48081461831638,-42.14735867251299,38.73737927785086,7.8476249631604444,64.25403507875811,94.0693277306629,49.26723528528276,51.81446651032128,6.472657739216762,128.69238731542816,-205.71469604277848,133.33066243613374,-631.3668784200088,-144.447151869324,-211.59714541617151,-373.02758577882594,53.65441102024786,5.381257945561663,17.98240160836022,6.995047448388214,-54.50142016763244,-2.1864604617710555,-4.419753397440795,0.6035613884270181,-5.275940693403283,-38.563650436778175,-15.776328669955346,-1.4501241515605008,133.1781906643193,-0.7329740559149625,-0.9721159941793196,163.01938448516364,151.54746660699013,139.84270885950866,161.8392141074727,166.79893979700282,-2.59093628507162,-3.746009014340034,146.52580828408767,139.1507004676873,-4.250902626566638,157.72293572453324,90.04362590658909,60.67968826673103,164.77814922564679,156.20859221840107,137.94999801924382,-3.342491263742617,138.42418883483197,137.6732946204831,172.49230916294815,144.07115533001385,78.76809070344119,135.7940406919419,0.8370395516674094,139.8117539074271,142.1935027691481,156.38817752740064,138.1874144057461,58.00249268962572,9.92892555589824,21.52031328799401,138.300595659344,133.95413211196862,-1.9666231816734885,69.21591041449317,123.42128246526856,72.70695954494926,129.79544072037933,-2.7566622002314864,-2.015500064513561,0.6649506283513106,-1.6285007552812711,133.25279806711157,2.1933239800393185,1.5047437425618306,-2.4576289980040538,-3.703370388246504,-2.513173569451108,-2.559005855158245
DFT_K089__PAC_aligned,1.328442551168985,24.314950502466136,-1.8978147015260407,-0.951066138868832,43.15925185541916,125.921403534412,58.15180107415187,57.36167986460018,29.158009463803165,33.96011549847067,52.17716477493305,44.73635050572146,8.041880152746277,55.06326893396047,37.37264696074373,53.50253227375252,-41.82610035787768,10.80794493771689,11.084778860576606,25.769862037248885,45.231680024689794,47.8909752756741,79.87224331425863,-58.44934430857198,-5.95109475922683,-5.261372935233792,129.28472521131516,-177.99584005177127,133.35732110825992,-627.9344220742139,-100.81201143735554,-141.7988022952888,-100.35913467318224,58.31602532429933,3.9141489502284,10.500057903033586,-1.6735924402658051,-38.75539607394983,16.95571861641475,0.1071509848266192,0.91552556620781,-4.44625674232984,-34.055062132112845,-13.640902877853378,-0.0422629302239428,-0.2985178616550225,-0.0795809961747083,-0.1095655192533533,122.27615167423934,8.172248206526897,136.2230501043921,138.60587807204553,145.5461364106668,0.9179115149129696,1.3522796051153751,149.34729988458656,-1.3772952950053818,-1.9637644977399535,154.2888732863414,102.65259679813973,92.64587579862831,166.7508566794143,160.02928941498305,137.49946188111167,-1.9538248933658413,139.9835905534243,137.4093370080685,172.74769036666385,144.34337048677745,87.6021932398663,106.96976915591544,0.17959717334512,138.8314435010417,144.966624296574,152.4750495008928,138.31766316015097,65.29955870934013,11.986830183410923,51.04796606108231,140.96818168715612,134.23721705334395,-2.159551376524723,78.7791472425325,131.54997416595603,87.1782214670469,130.45738270647058,-2.4869336995110274,-2.2370460922120112,-0.8374742808089796,0.0570393580256357,132.94537973199118,3.058680760828559,2.0072358827888217,0.37903574630432235,-3.515621337867496,-2.386764515969738,-2.5661022749381703
DFT_K092__PAC_aligned,9.101180441782011,-15.57092888038414,-28.09049047715847,-28.90069962184157,-12.40018983573539,-37.89511423416595,-28.042695924084114,-48.135872954005,60.08829840226805,27.29605185518842,29.65822868620146,7.743768035047008,49.87742197320661,-28.858593370854532,74.65580070975102,12.465137393782758,14.107485956470027,-7.172643733480044,-14.803214607046293,60.16119179985812,4.949127427718153,82.01804855553063,99.3196587623689,59.08972279810816,61.97690844316581,6.971859732874279,130.1339065190154,-210.546501537033,133.56455171018263,-531.5362386819713,-160.53159803408178,-107.65408450481658,-375.7259860431906,59.60748760843137,8.870136660432046,22.375838906638258,11.768342102019831,-122.08064768393804,18.49379472280796,-9.34309981038596,3.437203797782552,-3.5315911241121416,-52.74737305741375,-16.648127005014743,-1.457662849622088,56.77919638929948,-0.8405316396288833,-0.6454366222878813,156.63038227295414,140.39712493456548,143.77525899658954,148.15905826641776,146.8027398432394,-3.171216657988552,-3.06938559865648,149.603706588363,133.95061179863765,-2.388120853409053,157.4319660943896,87.04320452632156,63.52939295313571,164.0020315548753,156.23082941924378,137.73067450835742,-2.667983802969212,137.04007817708816,137.98629119804093,170.26978459773187,143.63896202797812,89.74946720209671,131.24711498840702,1.6490169462816988,135.58352004146082,140.23492861537414,156.75611321188123,138.18860076339234,53.48954198186032,3.722570312679137,20.96685716202692,139.25760729096768,135.94453014949917,-2.0050201691336937,126.89265057667448,133.04458248522164,97.6674155008488,129.73018117212285,-2.810665253161852,-2.2044083377171977,0.1377021229236627,-0.528908539982905,138.84738782173022,50.22773287987529,2.3832250283469096,13.827559383084932,-1.9671266641369265,-2.825218746954085,-2.258101771937599
DFT_K099__PAC_aligned,-3.853314624233244,11.940492839957054,-28.726551036505327,-25.937790107469546,19.587879429931807,15.724898123747456,3.991329637407898,-2.1472088862216907,10.465008536259267,31.06426639529144,-20.05614179215018,-20.245862006451464,18.257406884901407,3.952932204126711,14.858387871250585,-166.95800369797396,-32.35758899951912,-35.36636243156301,-61.67934860283991,17.175151346465828,-1.1041041542711234,17.739037480422112,-3.9223640819346963,-2.6139264336177988,43.36059583597758,4.14777806016305,131.34540603097642,-111.69521370517728,133.9316047505353,-493.1333480204034,-5.496175606738559,18.24929718907644,64.16718252636464,72.52530860094132,28.482265922592106,37.51437615608151,21.770724529136952,-180.47588235068315,5.068504698974143,-41.01295504014781,3.4155402645970305,7.606491736085326,-58.55974733571962,-30.841813676170183,-0.10083595850573121,-0.9749541548288064,-0.218443115894169,-0.3404324190845746,134.68584771797637,135.56434664868567,142.73287605630355,133.7999059391122,145.72491553435853,-2.63084059799666,-2.4587031076283234,178.5264375987282,134.23030405649868,136.57897613263788,155.23023907757693,98.61660007653865,75.81308752593068,165.94932497347511,158.77300256060633,137.80690655709384,-3.163447466455092,141.62673357529823,137.39537253761654,171.5151932241274,144.21453720494907,81.7969734895979,-2.008058502793421,0.6953690293359603,127.9705747132605,139.42878873922749,145.9191679453736,138.47311854923058,66.43258369573512,-2.245856300984838,15.5336090047759,137.5163524984169,137.34025576273322,-2.3755754271961487,135.47219467329302,141.7140152017162,132.78693920101014,131.07680481442125,2.5998150051929616,-2.540728590288586,-1.8140574216289331,-1.0053387334703126,135.50314286112643,104.72592769409772,3.5395632600150986,133.47212335168152,18.274229883374925,-2.490167372600552,-1.7554520405322218
DFT_K102__PAC_aligned,-1.427083347412836,32.31642185860867,-20.072901683530976,-15.17022658429118,80.93831534333077,52.58993632530085,19.189139124164125,5.836221338875795,18.675581579865348,21.338583613358377,3.231323649604416,-173.0520698245218,38.85833437990589,9.254619267898024,20.509245404681877,-23.5121370190717,-86.79218332842527,-13.817514848870694,-9.05485646583298,17.685440462370007,1.8539654344396936,19.33333486050129,37.13294505637248,43.46771364778796,31.81820009724583,-1.5551238291294318,127.93349686969572,-183.01373171992344,133.54908423619227,-556.2535729139602,-13.000967183172053,-3.4561776857401085,67.29712633293707,74.53628373740816,18.723872620684325,22.379292710687476,10.222849525605923,-330.25311720076246,15.659897865341746,-87.87905661665394,-13.001830794825771,-7.282567580990189,-91.0934338820089,-57.03968054841745,-0.1058544935700732,-1.027465715247892,-0.2072724944429899,-0.2845997116523368,137.27614051844012,134.88703091164606,150.0091428492229,135.97244665309913,149.39409315287045,-2.8661911911686877,-2.506065540910717,168.0428586534054,-2.7182281528333703,132.6199102547299,157.03906001417013,89.31900005652903,58.65922160897812,164.84146306996476,156.77927790673138,137.71790044929867,-2.119563709405638,138.05233321417327,138.06059854009524,172.00300850986588,143.81833977099234,87.74325741681403,-3.185991013411723,1.3778644646442837,128.30122370044103,140.26641868098366,145.90887623196485,138.77336883552695,52.54181333654882,-2.591607714828177,8.485579259728684,135.28910443987152,139.6087280773818,-2.3263304548055967,135.7777882153896,146.2959840224767,135.8446712505351,128.43981756077574,20.10744074420036,-2.659545940619364,-1.7859557421808023,-1.863451122328304,136.70420021106327,133.16228726173395,3.1477328962800737,137.32703341472828,106.05639569983832,-2.4597282577596227,1.7221568311945912
DFT_K104__PAC_aligned,13.16150356680799,45.08253051007577,4.379724673299233,5.673368588850694,-6.140996846812321,-23.94114300123524,53.92122325621632,14.164576771604024,-8.345206367492587,-20.28833836529914,3.333274429675523,-78.78876121164238,-34.15842668885533,25.54359120681364,7.696437797609661,-13.049559279952271,-92.46093994239403,3.9334767056374726,3.5323851171276903,11.176837852323974,-47.33404838561862,43.67006914228341,85.8612936350072,48.47666189878141,50.00197244386763,-2.796245850880624,131.6920615190962,-231.06248367543213,133.02346587379256,-519.4442837217601,-21.64636621453456,-48.326917753006576,-299.770975845997,43.15658435893434,20.90003341899748,20.604638776222785,11.492896587764616,-166.89365164872694,23.31374464692209,-24.760929735307407,-1.7754417656006083,-10.035434515372303,-83.70854491676532,-32.05742254221293,-0.33809959398595546,133.70610127372888,-1.5335228825506615,-1.3376432253358173,142.4062484406964,140.20283420125782,154.7905716057006,136.17019091334313,156.0545229848669,37.8409405617172,15.535798972709813,153.66106406893098,-1.3866515453366244,-0.9224534783209472,157.85068856612116,85.90877200361415,56.37512935339751,164.50496881280696,155.79729829976472,137.9320341146103,-1.6944717083341083,138.50808159115724,138.2402935310994,169.70139065811307,143.42028272625305,91.42404583943224,130.41444974330344,2.0159078393673613,135.23615574082856,141.09355318164992,156.06913380281975,138.2915596664183,49.13629328189302,2.7156963507475647,19.661139787816644,139.0310262692912,136.48396755983723,-1.9209257331528016,36.95907230055621,132.85208715519244,94.9486004498251,128.5131718991085,-2.8569427589859124,-1.767609988178876,-0.1114818917659979,-0.5089369247341758,139.97364067857612,81.7576859454202,2.1904813765062823,21.855153564177964,-0.7981287069831017,-2.9347271861227866,-1.737982316080385
DFT_K105__PAC_aligned,5.706619080755485,9.26679758310959,-109.24272970936296,-74.53489759141337,18.50081365079968,35.160762043946434,44.21444560242243,82.42677796302505,7.102157006345212,9.779721563161182,12.74951175100539,19.35503269193567,16.636261013643207,89.2208636499103,17.459112451299212,17.996903856559875,12.007247551482564,-15.406239763144905,-9.599277285016957,15.728258548627522,17.29847889580064,39.53406136218352,89.60578994875063,58.98044021897013,49.65194956302342,-3.4558422499720507,130.84941397790635,-173.43296367600323,133.04934541320296,-634.0530012472066,-77.21072359003227,-78.15718711359737,-122.71333053417796,55.97009136091248,15.538211852626716,19.60811109141597,9.919619100142056,-72.85890477782992,25.649737625962324,-3.721022800615741,4.503167470802058,-1.6764566097060998,-46.06347832130511,-16.257296664579126,-1.674231010193153,139.059538724726,-1.8614975989472573,-3.490264051434564,137.0188674082874,154.94584423303908,131.6960008245429,127.1653139295275,139.00586167170925,-2.2145122285338745,32.77127654024254,151.38825145416868,139.22706150155983,137.44128252999298,157.04035600088812,102.05351189397052,58.6690034064,166.86391556892,156.8682711862952,138.16384623003447,-2.47114397241035,140.3337611228139,137.41849695394387,172.84997894120062,144.3409364977042,68.54021768932282,107.11433271215854,-0.0574027309463367,135.19473363742335,140.74098856237845,156.67235629098468,138.61712105567653,63.3173493717924,1.6621647616218778,19.04142586444852,139.00385836250368,135.72495350354262,-2.0388172752430385,64.35303634811332,133.16601987794652,106.31805657887936,130.09565730759113,-2.345247551316941,-2.0573293604005007,-1.2219020138649883,-1.1856167952379448,137.28982772648,32.71267903429982,1.5479802556540028,12.291581671251866,-2.274550527764466,-2.7548920419194443,-2.5434834423376818
DFT_K111__PAC_aligned,3.1471086788289213,2.3465602154661056,5.232089985960132,6.3136776636697896,-4.398325950564015,11.489039171630536,21.73869905501924,55.67109202699852,-100.56552497422868,-85.68306441582459,-239.2807422533928,-61.98279789174656,-89.62918505077224,85.16869560871899,-6.029527580562672,-57.95766302399525,-56.78711550663635,3.843681282441807,5.606484125178916,14.974416119591872,-23.348263000187025,55.72934016550624,98.96235535565376,47.83361784969716,53.294947882954034,2.295881545158627,130.567882961572,-214.3158035772873,133.13674238408316,-498.0508982554866,-74.35851488830058,-19.095678624231965,-251.5741835675932,13.61833704117224,0.207315073671026,5.527276785253756,2.6248508195794003,-215.02244280637095,-6.436544473819467,-56.20823314543475,-17.36789319449645,-18.06162094733805,-93.51610713338684,-48.11397970273112,-0.0265681029625816,-0.1729447124668158,-0.0638723305503888,-0.0872982995428313,-0.3536409477087602,-1.2656224806399046,136.2878316317371,19.512890677451065,133.46069504830564,-1.6098161850989705,1.7860367064566691,141.7465355094816,-1.1760101359307944,-0.6619872847664665,156.77594801214508,87.30710832688074,68.4470772990374,165.15994530311687,157.15211817131348,137.332039369104,-1.9679693922311403,140.0403138306698,138.11031181951404,169.4650029478494,143.58922470409777,97.35621721068854,39.20227228423319,2.116062407429466,134.99930995101835,141.64285713659967,153.05047375019126,138.12487094588118,55.09320178604031,3.667289962627093,37.48967357766522,140.5611999696582,135.8970212514336,-2.150281746960101,125.63245661759377,134.7522607497101,105.27578558074254,129.9076546323534,-2.8012725046496207,-2.057865000759184,-1.2749772660614385,0.9759019526958664,137.21638876847356,43.91979551759101,2.654466279171765,35.92011234071338,-0.7005527687269776,-2.704887708658046,-2.297741708123948
DFT_K124__PAC_aligned,-2.858447138711803,0.46900865645175915,-12.13649689740025,-14.204019486386509,3.67147967252658,2.8374633896882777,-2.6712164032458325,-10.721355514090565,28.98393180150401,17.817749777195733,16.295345013798777,15.455996230449788,41.13298900860906,-3.6898435755855417,40.50467625053549,10.999715753721976,12.266865177862789,6.30265713827654,-1.2136022745451245,33.73172122959834,4.1453485682053,62.94588750286431,103.97482054981002,62.6836714539654,67.65134779619837,5.379561176031281,86.96618434996874,-174.0457077856384,131.90248988313505,-601.2310553113336,-24.812329744470617,-14.248655724403164,13.316396185941096,25.92696278098912,-21.622863697488604,3.896122896759346,3.153535592827195,-42.31252847992806,-95.9182888786374,-33.93213701456265,-17.29558776206273,-8.046599705163938,-35.38441414378621,-30.383628886638697,-0.101102691675023,-0.8113095682509218,-0.1929982028966259,-0.3400554374506228,135.9880794299661,134.00528125720453,136.23044444093188,141.14714437047454,150.2259678692417,-2.3162830176057576,-1.5118605516793644,151.25202166481918,136.18590429041365,-3.0108682196071754,155.81430180569677,97.9715890765766,74.57815467207364,165.48218678914787,158.05314959401235,137.64179622046453,-3.0883053228673063,6.325148830662142,137.50082363977916,172.4337935201336,144.22026425009088,84.7665721609571,-2.894356742719949,1.0270028646522504,109.33779958824324,142.58771442237924,144.18715242435573,139.18288440911962,62.41181554217419,1.9356166096258505,129.14850742117207,139.31454396386772,134.98133387737522,1.3009962493263283,143.0431064275222,138.18552708963932,131.1678335601775,130.11587100308734,5.05029102345327,-0.3225446317177226,-1.3070005922847006,6.151415451012958,29.359748212358287,5.063339898005903,1.8905633962541315,65.97449490294943,-0.2620977314100333,-2.529873493017409,-2.4582880589496883
